title,company,location,link
Hedge fund IT,Optimas Capital,Temporarily Remote in Hong Kong,https://hk.indeed.com/viewjob?jk=66a19e72e8822d62&q=python&l=Hong+Kong
Software Engineer - C# / .NET,Eclipse Trading,Temporarily Remote in Hong Kong,https://hk.indeed.com/viewjob?jk=2c44688cda2fb2fb&q=python&l=Hong+Kong
Quant Trader,Babel Capital Limited,Hong Kong,https://hk.indeed.com/viewjob?jk=6c45cbffd9c532f4&q=python&l=Hong+Kong
(Junior) Quant Developer - Hedge Fund,Links International,Hong Kong,https://hk.indeed.com/viewjob?jk=9f5d5971da93d027&q=python&l=Hong+Kong
Junior Equity Derivatives Trader,Guotai Junan International Holdings Limited,Hong Kong,https://hk.indeed.com/viewjob?jk=30f0b4fa3973a8cd&q=python&l=Hong+Kong
Quants researcher,Bank of China (Hong Kong) Limited,Hong Kong,https://hk.indeed.com/viewjob?jk=8e211e790ba07a68&q=python&l=Hong+Kong
2023 Global Trading Solutions Analyst Summer Internship Prog...,Credit Suisse,Hong Kong,https://hk.indeed.com/viewjob?jk=3869b1147c2a06d7&q=python&l=Hong+Kong
Quant Researcher - Summer Intern - June Intake,Coffee Cloud Company Limited,"Tsuen Wan, New Territories",https://hk.indeed.com/viewjob?jk=f34123f3265f692a&q=python&l=Hong+Kong
"Director, Desk Quant",Standard Chartered Bank,Hong Kong,https://hk.indeed.com/viewjob?jk=2635b0c257a53b51&q=python&l=Hong+Kong
"Fixed Income Data Analyst/Quant, Global Markets Department",Industrial and Commercial Bank of China (Asia) Ltd,Hong Kong,https://hk.indeed.com/viewjob?jk=e8fa43ab8bb734ae&q=python&l=Hong+Kong
Quantitative Researcher Intern - Summer,Y-Intercept (Hong Kong) Limited,"Remote in Central, Hong Kong Island",https://hk.indeed.com/viewjob?jk=245eba50d54b7745&q=python&l=Hong+Kong
Business Development Executive,Informa Intelligence,Hong Kong,https://hk.indeed.com/viewjob?jk=5b5dd7985b07f582&q=python&l=Hong+Kong
Front Office Engineer,UBS,Hong Kong,https://hk.indeed.com/viewjob?jk=0f7d1a6bc39de8bc&q=python&l=Hong+Kong
Quant Developer - Summer Intern - June intakes,Coffee Cloud Company Limited,"Tsuen Wan, New Territories",https://hk.indeed.com/viewjob?jk=055ce46d44134349&q=python&l=Hong+Kong
Quant Researcher,Millennium Management LLC,Hong Kong,https://hk.indeed.com/viewjob?jk=5a181ebd1f990b56&q=python&l=Hong+Kong
Quantitative Analyst,Conning & Company,Remote in Hong Kong,https://hk.indeed.com/viewjob?jk=e40de4b18ce4a403&q=python&l=Hong+Kong
Assistant Portfolio Manager - High Frequency Trading (HFT),Alpha Quant Fin-Tech Limited,Hong Kong,https://hk.indeed.com/viewjob?jk=3d70392822947f38&q=python&l=Hong+Kong
Equity Research Assistant,China Merchants Securities 招商證券,Hong Kong,https://hk.indeed.com/viewjob?jk=487fc75f8acb8409&q=python&l=Hong+Kong
"Crypto Research Analyst, Quant Trading Team - Global Fintech...",Crypto.com,Hong Kong,https://hk.indeed.com/viewjob?jk=7c22c3fd86cc24df&q=python&l=Hong+Kong
Risk Manager - Quant / Cryptocurrency / Fintech,Williamselect,Hong Kong,https://hk.indeed.com/viewjob?jk=d645a4af1ec8a20e&q=python&l=Hong+Kong
Senior Java Engineer,Eclipse Options (HK) Limited,Hong Kong,https://hk.indeed.com/viewjob?jk=9a6b8dfe3ddeae58&q=python&l=Hong+Kong
Structurer,BNP Paribas,Hong Kong,https://hk.indeed.com/viewjob?jk=8779c2f27fe234d0&q=python&l=Hong+Kong
Fixed Income Intern - Quant/Trading,Millennium Management LLC,Hong Kong,https://hk.indeed.com/viewjob?jk=d4d6aa9164b02476&q=python&l=Hong+Kong
QA equities Quant,Barclays,"Central and Western District, Hong Kong Island",https://hk.indeed.com/viewjob?jk=8a8745c8529ec6d2&q=python&l=Hong+Kong
Asian Market Quant Developer - Global Banking & Markets,HSBC,"Central, Hong Kong Island",https://hk.indeed.com/viewjob?jk=7b8962598e8a98a4&q=python&l=Hong+Kong
NEW Quant Researcher opportunity,BAH Partners,Hong Kong,https://hk.indeed.com/viewjob?jk=659bfc3446e2a8cc&q=python&l=Hong+Kong
Quant Trader,HashKey Digital Asset Group Limited,Hong Kong,https://hk.indeed.com/viewjob?jk=23b0e891f6dd9cd4&q=python&l=Hong+Kong
Trading Technology Software Engineer,"JPMorgan Chase Bank, N.A.",Hong Kong,https://hk.indeed.com/viewjob?jk=6ad54823f1bae0a3&q=python&l=Hong+Kong
Quantitative Analyst,UBS,Hong Kong,https://hk.indeed.com/viewjob?jk=abe4d028d04495a1&q=python&l=Hong+Kong
Head of Electronic Equities Analytics,BNP Paribas,Hong Kong,https://hk.indeed.com/viewjob?jk=8c379d09c8a68c75&q=python&l=Hong+Kong
CIB - Equity - APAC Warrant Trading - Associate,"JPMorgan Chase Bank, N.A.",Hong Kong,https://hk.indeed.com/viewjob?jk=9ec4f9a8633d4622&q=python&l=Hong+Kong
Senior/Research Manager (Online Community),IPSOS Asia Limited,Hong Kong,https://hk.indeed.com/viewjob?jk=8b8fadf84eefa1fd&q=python&l=Hong+Kong
Associate Professor / Assistant Professor,The Chinese University of Hong Kong 香港中文大學,Hong Kong,https://hk.indeed.com/viewjob?jk=d92ab3d63516ce93&q=python&l=Hong+Kong
Python Developer - Proprietary Trading,Maven,Hong Kong,https://hk.indeed.com/viewjob?jk=fe0c6bc6ce8e8b08&q=python&l=Hong+Kong
Software Engineer - Equities Derivatives Sales & Trading Tec...,Goldman Sachs,Hong Kong,https://hk.indeed.com/viewjob?jk=ff58a981cc91f6ad&q=python&l=Hong+Kong
FPGA Engineer,Alpha Quant Fin-Tech Limited,Hong Kong,https://hk.indeed.com/viewjob?jk=b0d615300f6c014e&q=python&l=Hong+Kong
C# Developer,Alpha Quant Fin-Tech Limited,Hong Kong,https://hk.indeed.com/viewjob?jk=1fae1a11c472a745&q=python&l=Hong+Kong
Quantitative Researcher/Analyst,Saccade Capital,Hong Kong,https://hk.indeed.com/viewjob?jk=cd2fa0010b6143bc&q=python&l=Hong+Kong
Equity Vanilla Trade Support Associate,Société Générale,Hong Kong,https://hk.indeed.com/viewjob?jk=05e723ed23b4f5ca&q=python&l=Hong+Kong
"Financial Markets Infrastructure Services, Technical Analyst",Standard Chartered,Hong Kong,https://hk.indeed.com/viewjob?jk=89b16f0121eb80f9&q=python&l=Hong+Kong
Coordonnateur – Soutien commercial,Air Canada,Hong Kong,https://hk.indeed.com/viewjob?jk=8939878b58115a3a&q=python&l=Hong+Kong
Asia Quantitative Equity Research Associate,Morgan Stanley,Hong Kong,https://hk.indeed.com/viewjob?jk=a0f1e917df503d17&q=python&l=Hong+Kong
Software Engineer - Algorithmic Trading,Millennium Management LLC,Hong Kong,https://hk.indeed.com/viewjob?jk=20157db0b7ef306f&q=python&l=Hong+Kong
Senior Quant Researcher | High Frequency Delta 1,Eclipse Trading,Hong Kong,https://hk.indeed.com/viewjob?jk=85aa790027ce91a6&q=python&l=Hong+Kong
Sales Trader,BNP Paribas,Hong Kong,https://hk.indeed.com/viewjob?jk=f1ed3a03a6a768fe&q=python&l=Hong+Kong
C++ Algo Trading Developer,Alpha Quant Fin-Tech Limited,Hong Kong,https://hk.indeed.com/viewjob?jk=8c4d055b87402e6c&q=python&l=Hong+Kong
Algo QA Specialist,BNP Paribas,Hong Kong,https://hk.indeed.com/viewjob?jk=bddbdbbc83e87618&q=python&l=Hong+Kong
Front Office Developer,Zebra Strategic Outsource Solutions,Kowloon,https://hk.indeed.com/viewjob?jk=f9c696f078b870a3&q=python&l=Hong+Kong
Crypto Quantitative Trader,Nautilus Technology,Hong Kong,https://hk.indeed.com/viewjob?jk=2c010b8e1306aadc&q=python&l=Hong+Kong
Quant Trader (Strategist),Babel Asia Asset Management Pte Ltd,Hong Kong,https://hk.indeed.com/viewjob?jk=d963f097c7c0534a&q=python&l=Hong+Kong
"Portfolio Manager, Quant Strategies",Millennium Management LLC,Hong Kong,https://hk.indeed.com/viewjob?jk=8c5360841b222309&q=python&l=Hong+Kong
Low Latency Trading Platform – Technical Engineer,UBS,Hong Kong,https://hk.indeed.com/viewjob?jk=248959624bec9976&q=python&l=Hong+Kong
Quantitative Trading Analyst,Nautilus Technology,Hong Kong,https://hk.indeed.com/viewjob?jk=3a0e006eafb1fbb1&q=python&l=Hong+Kong
"Site Reliability Engineer, Electronic Trading, Equities, VP","JPMorgan Chase Bank, N.A.",Hong Kong,https://hk.indeed.com/viewjob?jk=75f0508e47386598&q=python&l=Hong+Kong
"Fixed Income Data Analyst/Quant, Global Markets Department",Industrial and Commercial Bank of China (Asia) Ltd,Hong Kong,https://hk.indeed.com/viewjob?jk=e8fa43ab8bb734ae&q=python&l=Hong+Kong
"Options Trader, Derivative Trading - Global Fintech Startup",Crypto.com,Hong Kong,https://hk.indeed.com/viewjob?jk=13c8ae8ca87e4ae8&q=python&l=Hong+Kong
VIE - Risk Management H/F,Amundi Hong Kong,Hong Kong,https://hk.indeed.com/viewjob?jk=2ff7a8204b28caa0&q=python&l=Hong+Kong
"AVP, Quant Modeller - Financial Engineering",Credit Suisse,Hong Kong,https://hk.indeed.com/viewjob?jk=6a2694e2d2be58e8&q=python&l=Hong+Kong
Production Support Specialist - Digital Business Services,HSBC,"Sha Tin, New Territories",https://hk.indeed.com/viewjob?jk=f3f60a0a7495a45c&q=python&l=Hong+Kong
APAC E-Trading Platform - Senior Algorithmic Trading & Dark...,Credit Suisse,Hong Kong,https://hk.indeed.com/viewjob?jk=f4c88cf5fad8c90e&q=python&l=Hong+Kong
Vice President – Market Data (Project Management),Hong Kong Exchange,Hong Kong,https://hk.indeed.com/viewjob?jk=b29ec54801e4baac&q=python&l=Hong+Kong
Junior Global Markets Financing Risk Manager,UBS,Hong Kong,https://hk.indeed.com/viewjob?jk=0854e39e40afdbce&q=python&l=Hong+Kong
"Associate / Vice President, Credit E-Trading Quant Strat, Ho...",Bank of America,Hong Kong Island,https://hk.indeed.com/viewjob?jk=a80fff6f478467bc&q=python&l=Hong+Kong
"Director, Structuring",Standard Chartered,Hong Kong,https://hk.indeed.com/viewjob?jk=3f0d78a6e4802dad&q=python&l=Hong+Kong
CIB - Quantitative Research - Equity Derivatives - Vice Pres...,"JPMorgan Chase Bank, N.A.",Hong Kong,https://hk.indeed.com/viewjob?jk=d228279caa9d59d8&q=python&l=Hong+Kong
Equity Technology: Assistant Vice President / Vice President...,Bank of America,Hong Kong,https://hk.indeed.com/viewjob?jk=6866e3ef2eb14eca&q=python&l=Hong+Kong
Equities Facilitation and CRB Trader - Global Banking & Mark...,HSBC,"Central, Hong Kong Island",https://hk.indeed.com/viewjob?jk=c10ecd0f3a496c4f&q=python&l=Hong+Kong
C++ developer :Algorithmic Trading / Market-Making / High Fr...,BAH Partners,Hong Kong,https://hk.indeed.com/viewjob?jk=ca1a4f9ca342edb9&q=python&l=Hong+Kong
Equity Derivatives Tech Architect,UBS,Hong Kong,https://hk.indeed.com/viewjob?jk=0036552875cd1f2a&q=python&l=Hong+Kong
"Systematic Trading Team Lead, Derivative Trading - Global Fi...",Crypto.com,Hong Kong,https://hk.indeed.com/viewjob?jk=d5761272666f1d60&q=python&l=Hong+Kong
Dev Ops SRE - Trading Technology - Trade Floor Support - VP,"JPMorgan Chase Bank, N.A.",Hong Kong,https://hk.indeed.com/viewjob?jk=b1c4b710c0abe998&q=python&l=Hong+Kong
FPGA Engineer,Saccade Capital,Hong Kong,https://hk.indeed.com/viewjob?jk=98c6f400cc5c198b&q=python&l=Hong+Kong
Dapp Engineer,Crypto.com,Hong Kong,https://hk.indeed.com/viewjob?jk=95887b66cdacd63f&q=python&l=Hong+Kong
Software Engineer - Java (Quant Platform - Trading Services),OKX,Hong Kong,https://hk.indeed.com/viewjob?jk=c618f1799df592cd&q=python&l=Hong+Kong
Software Engineer,"Jefferies & Company, Inc.",Hong Kong,https://hk.indeed.com/viewjob?jk=8159fecb3b5e0e6d&q=python&l=Hong+Kong
"Associate/Vice President, SBL Trader, Global Equities",Bank of America,Hong Kong Island,https://hk.indeed.com/viewjob?jk=1dc19cf4314b9ab7&q=python&l=Hong+Kong
"Data Analytics and Engineering Python Developer, Equities Pr...","JPMorgan Chase Bank, N.A.",Hong Kong,https://hk.indeed.com/viewjob?jk=d490de4fd378ecbd&q=python&l=Hong+Kong
Quant Researcher (Options),Radley James,Hong Kong,https://hk.indeed.com/viewjob?jk=7b5b01e64355a2aa&q=python&l=Hong+Kong
Risk Manager - Quant / Cryptocurrency / Fintech,Williamselect,Hong Kong,https://hk.indeed.com/viewjob?jk=d645a4af1ec8a20e&q=python&l=Hong+Kong
Quantitative Developer (Hedge Fund) (Ref: QDHF/JH),Crossings Executive Search,Hong Kong,https://hk.indeed.com/viewjob?jk=f8613bcb4652d3c3&q=python&l=Hong+Kong
Trading Systems Support Analyst - Option Market Making,BAH Partners,Hong Kong,https://hk.indeed.com/viewjob?jk=102b76aba8c89eea&q=python&l=Hong+Kong
"Associate Director, Asia Execution Quant - Global Banking an...",HSBC,"Central, Hong Kong Island",https://hk.indeed.com/viewjob?jk=4b23aa0e7c4c689a&q=python&l=Hong+Kong
Fixed Income Risk Manager,Millennium Management LLC,Hong Kong,https://hk.indeed.com/viewjob?jk=9da2750d6c5ea6c5&q=python&l=Hong+Kong
CIB - APAC Program Trader - Vice President,"JPMorgan Chase Bank, N.A.",Hong Kong,https://hk.indeed.com/viewjob?jk=b3abfa58cff0356e&q=python&l=Hong+Kong
"VP, Quant Engineering Group",Credit Suisse,Hong Kong,https://hk.indeed.com/viewjob?jk=e52aaf6f8aa3edd4&q=python&l=Hong+Kong
Cash Equities Algorithmic Trading Developer,Macquarie Group Limited,Hong Kong,https://hk.indeed.com/viewjob?jk=8d3cb12b8091ca08&q=python&l=Hong+Kong
KDB Developer,eTeam APAC,Hong Kong,https://hk.indeed.com/viewjob?jk=8d79f413e266b7b3&q=python&l=Hong+Kong
"Desk Quant, Derivative Trading - Global Fintech startup",Crypto.com,Hong Kong,https://hk.indeed.com/viewjob?jk=6a0528bbae015a36&q=python&l=Hong+Kong
CRM Data Analyst - Global Fintech Startup,Crypto.com,Hong Kong,https://hk.indeed.com/viewjob?jk=1e03864d15c17a41&q=python&l=Hong+Kong
"Algo Developer, VP","JPMorgan Chase Bank, N.A.",Hong Kong,https://hk.indeed.com/viewjob?jk=6d0a842dfd63cdc3&q=python&l=Hong+Kong
"Quant Developer (blockchain, web 3)",Randstad,Hong Kong,https://hk.indeed.com/viewjob?jk=f4467695d3786c37&q=python&l=Hong+Kong
Front Office Technical Leader,Société Générale,Hong Kong,https://hk.indeed.com/viewjob?jk=6724351d1e7f59eb&q=python&l=Hong+Kong
Onsite with HSBC : Development engineer - Python (6m contrac...,Manpower,Hong Kong,https://hk.indeed.com/viewjob?jk=871d1d0ad74e302b&q=python&l=Hong+Kong
Senior Developer,Barclays,"Central and Western District, Hong Kong Island",https://hk.indeed.com/viewjob?jk=9af0ce86d52bf0b7&q=python&l=Hong+Kong
"Senior Manager, Quantitative Risk Management",Bowen Partners,Hong Kong,https://hk.indeed.com/viewjob?jk=5a890f58234778c5&q=python&l=Hong+Kong
KDB developer - Digital Business Services,HSBC,"Central, Hong Kong Island",https://hk.indeed.com/viewjob?jk=aa55fb7bef4306f5&q=python&l=Hong+Kong
"Equities Java Developer, Automated Risk Trading, Associate",Morgan Stanley,Hong Kong,https://hk.indeed.com/viewjob?jk=aa6b4f214a7d94f0&q=python&l=Hong+Kong
"Associate Director, XVA trading, APAC - Global Banking and M...",HSBC,"Central, Hong Kong Island",https://hk.indeed.com/viewjob?jk=fb44880f35c87849&q=python&l=Hong+Kong
2022 Summer Internship Programme (HK),Hex Trust,"Remote in Central, Hong Kong Island",https://hk.indeed.com/viewjob?jk=fe82d0357697a128&q=python&l=Hong+Kong
Senior Pricing Platform Software Engineer,UBS,Hong Kong,https://hk.indeed.com/viewjob?jk=76aeefcab6d1d6b3&q=python&l=Hong+Kong
IB Tech - QA Engineer - Associate/AVP,Deutsche Bank,Hong Kong,https://hk.indeed.com/viewjob?jk=59faa807771544a8&q=python&l=Hong+Kong
Quant Developer(Python),Morgan Philips Executive Search,Hong Kong,https://hk.indeed.com/viewjob?jk=ec293e5aa33e5d57&q=python&l=Hong+Kong
Global Quantitative Strategies | DevOps Engineer,CITADEL ENTERPRISE EUROPE LIMITED,Hong Kong,https://hk.indeed.com/viewjob?jk=0f4ce07a7cb93a66&q=python&l=Hong+Kong
OJ Ability - Senior Actuarial analyst,Oliver James Associates,Hong Kong,https://hk.indeed.com/viewjob?jk=06477cc54032a1c4&q=python&l=Hong+Kong
HF Stat-Arb Quant Trader,TMJ Partners,Hong Kong,https://hk.indeed.com/viewjob?jk=d318e2000fc49542&q=python&l=Hong+Kong
Java Software Engineer,Eclipse Trading,Hong Kong,https://hk.indeed.com/viewjob?jk=8609ddf98ffe84bb&q=python&l=Hong+Kong
"Associate Director, Quantitative Analyst - Global Banking an...",HSBC,"Central, Hong Kong Island",https://hk.indeed.com/viewjob?jk=2529fb252bd54ad6&q=python&l=Hong+Kong
"Associate Director, Strats - Commercial Banking",HSBC,"Central, Hong Kong Island",https://hk.indeed.com/viewjob?jk=c5e9c058b0bebf65&q=python&l=Hong+Kong
"Analyst/ Associate â€“ Equity Derivatives Strategist, Global...",Bank of America,Hong Kong Island,https://hk.indeed.com/viewjob?jk=9cd177b4a0d2b78d&q=python&l=Hong+Kong
Senior Java Developer,Barclays,"Central and Western District, Hong Kong Island",https://hk.indeed.com/viewjob?jk=ec64e9e55c0a52b4&q=python&l=Hong+Kong
Associate / Associate Director - Cost Management - Public Se...,KITE Search,Hong Kong,https://hk.indeed.com/viewjob?jk=1b30bcaf9b3ec429&q=python&l=Hong+Kong
"Delta One Trader, AVP/VP",Citi,"Central and Western District, Hong Kong Island",https://hk.indeed.com/viewjob?jk=b90e4a6bf1fa3548&q=python&l=Hong+Kong
Java Developer (Algo Trading Platform),Walters People Hong Kong,Hong Kong,https://hk.indeed.com/viewjob?jk=3b83bc614d5efe89&q=python&l=Hong+Kong
"Product Analytics Manager, Consumer Banking",Conners Consulting,"Kwun Tong District, Kowloon",https://hk.indeed.com/viewjob?jk=1ab26c974bc403b4&q=python&l=Hong+Kong
Algorithmic Trading Development Lead,CXC Global,Hong Kong,https://hk.indeed.com/viewjob?jk=8f4637a6f072d9af&q=python&l=Hong+Kong
(Senior) Security Engineer,Bowtie Life Insurance Company Limited,Remote in Hong Kong,https://hk.indeed.com/viewjob?jk=07a9b7c1a388069f&q=python&l=Hong+Kong
Senior Software Trading System Developer,Match Talent,Hong Kong,https://hk.indeed.com/viewjob?jk=24ac19a4f21f565a&q=python&l=Hong+Kong
Low Latency C++ Engineer,Eclipse Trading,Hong Kong,https://hk.indeed.com/viewjob?jk=4ee68fb06425f40e&q=python&l=Hong+Kong
Senior Crypto Quant Developer,TMJ Partners,Hong Kong,https://hk.indeed.com/viewjob?jk=ee3ffe576e2b8689&q=python&l=Hong+Kong
Java Developer (Algo Trading Platform),Robert Walters,Hong Kong,https://hk.indeed.com/viewjob?jk=7ffab5f05abaeee2&q=python&l=Hong+Kong
Quantitative Modeler / Data Scientist,Macquarie Group Limited,Hong Kong,https://hk.indeed.com/viewjob?jk=b8dc27d5ce8e4d3f&q=python&l=Hong+Kong
Senior Research Analyst - Global Private Banking,HSBC,"Central, Hong Kong Island",https://hk.indeed.com/viewjob?jk=bc3d9e81cbb8e7ec&q=python&l=Hong+Kong
SOR C++ Developer,Credit Suisse,Hong Kong,https://hk.indeed.com/viewjob?jk=f312a656a238375f&q=python&l=Hong+Kong
Associate Director (Cost Manager) Global Consultancy,KITE Search,Hong Kong,https://hk.indeed.com/viewjob?jk=4ccef4bb92670f8c&q=python&l=Hong+Kong
VP - Distressed Debt Credit Analyst,Citi,"Central and Western District, Hong Kong Island",https://hk.indeed.com/viewjob?jk=2f1f534b04219898&q=python&l=Hong+Kong
"Director, Credit Risk - Hedge Funds",Charterhouse-HK,Hong Kong Island,https://hk.indeed.com/viewjob?jk=1911b6dd4ad99651&q=python&l=Hong+Kong
Junior Dapp Engineer,Crypto.com,Hong Kong,https://hk.indeed.com/viewjob?jk=a9c368fe0dc13b98&q=python&l=Hong+Kong
Java Developer (Algo Trading Platform),Walters People,Hong Kong,https://hk.indeed.com/viewjob?jk=8cad6c5772fdeb86&q=python&l=Hong+Kong
Senior Algo Developer (C++),Hays,Hong Kong,https://hk.indeed.com/viewjob?jk=dea6e63812a848d6&q=python&l=Hong+Kong
Valuation Control - VP (C++/ Python) | Tier 1 Investment Ban...,Randstad,Hong Kong,https://hk.indeed.com/viewjob?jk=5594b42c86724fae&q=python&l=Hong+Kong
C++ Developer (Global Trading System),Linkers International,"Sha Tin, New Territories",https://hk.indeed.com/viewjob?jk=e4fcbc8ad8cf4892&q=python&l=Hong+Kong
"Senior Quant Trader, Derivative Trading - Global Fintech sta...",Crypto.com,Hong Kong,https://hk.indeed.com/viewjob?jk=e4be4c18fd093cd8&q=python&l=Hong+Kong
FX Senior Java Application Developer,eTeam APAC,Hong Kong,https://hk.indeed.com/viewjob?jk=564b6e43be58cef1&q=python&l=Hong+Kong
"Senior Software Engineer, Investment Science Technology (APA...",Wellington Management,"Remote in Central, Hong Kong Island",https://hk.indeed.com/viewjob?jk=663bd3338adfbe7a&q=python&l=Hong+Kong
"ANALYST / SENIOR ANALYST, QUANTITATIVE INVESTMENT SOLUTION",SUPER Corporate Consultancy Group,"Central and Western District, Hong Kong Island",https://hk.indeed.com/viewjob?jk=af412d0e6dbf53b2&q=python&l=Hong+Kong
(Junior) Quant Developer - Hedge Fund,Links International,None,https://hk.jobsdb.com/hk/en/job/junior-quant-developer-hedge-fund-100003009365361?token=0~00ff707e-86d6-4b9d-9d32-50d4062f8445&sectionRank=1&jobId=jobsdb-hk-job-100003009365361
Data Analytics / Quant Developer,Ucollex International Limited,Wan Chai,https://hk.jobsdb.com/hk/en/job/data-analytics-quant-developer-100003009365604?token=0~00ff707e-86d6-4b9d-9d32-50d4062f8445&sectionRank=2&jobId=jobsdb-hk-job-100003009365604
(Junior) Quant Developer - Hedge Fund,Links International,None,https://hk.jobsdb.com/hk/en/job/junior-quant-developer-hedge-fund-100003009351277?token=0~00ff707e-86d6-4b9d-9d32-50d4062f8445&sectionRank=3&jobId=jobsdb-hk-job-100003009351277
(Junior) Quant Developer - Asset Management,Links International,None,https://hk.jobsdb.com/hk/en/job/junior-quant-developer-asset-management-100003009352467?token=0~00ff707e-86d6-4b9d-9d32-50d4062f8445&sectionRank=4&jobId=jobsdb-hk-job-100003009352467
"Quant Developer (blockchain, web 3)",Randstad Hong Kong Limited,None,https://hk.jobsdb.com/hk/en/job/quant-developer-blockchain-web-3-100003009337222?token=0~00ff707e-86d6-4b9d-9d32-50d4062f8445&sectionRank=5&jobId=jobsdb-hk-job-100003009337222
Major Bank : Quant Developer,IT Solutions Ltd.,None,https://hk.jobsdb.com/hk/en/job/major-bank-%3A-quant-developer-100003009344016?token=0~00ff707e-86d6-4b9d-9d32-50d4062f8445&sectionRank=6&jobId=jobsdb-hk-job-100003009344016
Quantitative Researcher / Senior Quantitative Researcher (kdb+/q developer),Bank of China (Hong Kong) Limited,Central,https://hk.jobsdb.com/hk/en/job/quantitative-researcher-senior-quantitative-researcher-kdb-q-developer-100003009356889?token=0~00ff707e-86d6-4b9d-9d32-50d4062f8445&sectionRank=7&jobId=jobsdb-hk-job-100003009356889
"Director, Desk Quant - (2200010837)",Standard Chartered Bank (Hong Kong) Ltd,None,https://hk.jobsdb.com/hk/en/job/director-desk-quant-2200010837-100003009341673?token=0~00ff707e-86d6-4b9d-9d32-50d4062f8445&sectionRank=8&jobId=jobsdb-hk-job-100003009341673
C++ Low Latency Engineer,Eclipse Trading,Others - China,https://hk.jobsdb.com/hk/en/job/c-low-latency-engineer-100003009361036?token=0~00ff707e-86d6-4b9d-9d32-50d4062f8445&sectionRank=9&jobId=jobsdb-hk-job-100003009361036
Quantitative Researcher / Senior Quantitative Researcher (kdb+/q developer),Bank of China (Hong Kong) Limited,Central,https://hk.jobsdb.com/hk/en/job/quantitative-researcher-senior-quantitative-researcher-kdb-q-developer-100003009350558?token=0~00ff707e-86d6-4b9d-9d32-50d4062f8445&sectionRank=10&jobId=jobsdb-hk-job-100003009350558
"Programmer (C# ,C++, .NET)",CASH Algo Finance Group Limited,Shatin Area,https://hk.jobsdb.com/hk/en/job/programmer-c-c-.net-100003009369022?token=0~00ff707e-86d6-4b9d-9d32-50d4062f8445&sectionRank=11&jobId=jobsdb-hk-job-100003009369022
Quantitative Analyst - Global Investment Management Firm,Page Personnel,None,https://hk.jobsdb.com/hk/en/job/quantitative-analyst-global-investment-management-firm-100003009365971?token=0~00ff707e-86d6-4b9d-9d32-50d4062f8445&sectionRank=12&jobId=jobsdb-hk-job-100003009365971
Quantitative Researcher - attractive salary!,Vegasoul Capital Management (Asia) Limited,None,https://hk.jobsdb.com/hk/en/job/quantitative-researcher-attractive-salary!-100003009350589?token=0~00ff707e-86d6-4b9d-9d32-50d4062f8445&sectionRank=13&jobId=jobsdb-hk-job-100003009350589
RAsst / RAssoc / Post-doctoral Fellow (Machine Learning and Quantitative Investment) (Job ID: 7495),The Hong Kong University of Science and Technology,Sai Kung,https://hk.jobsdb.com/hk/en/job/rasst-rassoc-post-doctoral-fellow-machine-learning-and-quantitative-investment-job-id%3A-7495-100003009358442?token=0~00ff707e-86d6-4b9d-9d32-50d4062f8445&sectionRank=14&jobId=jobsdb-hk-job-100003009358442
C++ Developer (Global Trading System),Eddid Fintech Limited,Admiralty,https://hk.jobsdb.com/hk/en/job/c-developer-global-trading-system-100003009364145?token=0~00ff707e-86d6-4b9d-9d32-50d4062f8445&sectionRank=15&jobId=jobsdb-hk-job-100003009364145
Software Development Specialist,Colt Technology Services Limited,None,https://hk.jobsdb.com/hk/en/job/software-development-specialist-100003009369861?token=0~00ff707e-86d6-4b9d-9d32-50d4062f8445&sectionRank=16&jobId=jobsdb-hk-job-100003009369861
Team Lead - Senior Low Latency C++ Engineer (Sydney),Eclipse Options (HK) Limited,Overseas,https://hk.jobsdb.com/hk/en/job/team-lead-senior-low-latency-c-engineer-sydney-100003009361040?token=0~00ff707e-86d6-4b9d-9d32-50d4062f8445&sectionRank=17&jobId=jobsdb-hk-job-100003009361040
Quantitative Researcher / Senior Quantitative Researcher(Data focus),Bank of China (Hong Kong) Limited,None,https://hk.jobsdb.com/hk/en/job/quantitative-researcher-senior-quantitative-researcher-data-focus-100003009339894?token=0~00ff707e-86d6-4b9d-9d32-50d4062f8445&sectionRank=18&jobId=jobsdb-hk-job-100003009339894
AREIX – Quantitative Analyst (Crypto),Areix Analytics Limited,Wong Tai Sin Area,https://hk.jobsdb.com/hk/en/job/areix-quantitative-analyst-crypto-100003009350101?token=0~00ff707e-86d6-4b9d-9d32-50d4062f8445&sectionRank=19&jobId=jobsdb-hk-job-100003009350101
Risk Manager - Quant (Cryptocurrency / Fintech),WilliamSELECT,None,https://hk.jobsdb.com/hk/en/job/risk-manager-quant-cryptocurrency-fintech-100003009329502?token=0~00ff707e-86d6-4b9d-9d32-50d4062f8445&sectionRank=20&jobId=jobsdb-hk-job-100003009329502
Quantitative Researcher / Senior Quantitative Researcher (kdb+/q developer),Manpower Services (Hong Kong) Limited,Central & Western Area,https://hk.jobsdb.com/hk/en/job/quantitative-researcher-senior-quantitative-researcher-kdb-q-developer-100003009330636?token=0~00ff707e-86d6-4b9d-9d32-50d4062f8445&sectionRank=21&jobId=jobsdb-hk-job-100003009330636
Junior Equity Derivatives Trader,Guotai Junan International Holdings Limited,Central & Western Area,https://hk.jobsdb.com/hk/en/job/junior-equity-derivatives-trader-100003009365385?token=0~00ff707e-86d6-4b9d-9d32-50d4062f8445&sectionRank=22&jobId=jobsdb-hk-job-100003009365385
Junior Quantitative Developer / Trainee - Leading MNC Fintech Company / Welcome Fresh Graduates,Golden Siv Technology Limited,Wan Chai Area,https://hk.jobsdb.com/hk/en/job/junior-quantitative-developer-trainee-leading-mnc-fintech-company-welcome-fresh-graduates-100003009343511?token=0~00ff707e-86d6-4b9d-9d32-50d4062f8445&sectionRank=23&jobId=jobsdb-hk-job-100003009343511
Risk Associate / Analyst / Manager (Quantitative),Safe Investment Company Limited,Central,https://hk.jobsdb.com/hk/en/job/risk-associate-analyst-manager-quantitative-100003009356771?token=0~00ff707e-86d6-4b9d-9d32-50d4062f8445&sectionRank=24&jobId=jobsdb-hk-job-100003009356771
Crypto Trader,Pando Finance Limited,Central & Western Area,https://hk.jobsdb.com/hk/en/job/crypto-trader-100003009350826?token=0~00ff707e-86d6-4b9d-9d32-50d4062f8445&sectionRank=25&jobId=jobsdb-hk-job-100003009350826
CIB - Quantitative Research - Systematic Trading - Vice President,"JPMorgan Chase Bank, N.A.",None,https://hk.jobsdb.com/hk/en/job/cib-quantitative-research-systematic-trading-vice-president-100003009351121?token=0~00ff707e-86d6-4b9d-9d32-50d4062f8445&sectionRank=26&jobId=jobsdb-hk-job-100003009351121
Experienced Trader - Expressions of Interest,Eclipse Trading,Wan Chai,https://hk.jobsdb.com/hk/en/job/experienced-trader-expressions-of-interest-100003009350680?token=0~00ff707e-86d6-4b9d-9d32-50d4062f8445&sectionRank=27&jobId=jobsdb-hk-job-100003009350680
Position Title: - Junior Quantitative Developer  (May 2022),Enhanced Investment Products Limited,Central,https://hk.jobsdb.com/hk/en/job/position-title%3A-junior-quantitative-developer-may-2022-100003009339542?token=0~00ff707e-86d6-4b9d-9d32-50d4062f8445&sectionRank=28&jobId=jobsdb-hk-job-100003009339542
Fixed income Analyst/Assistant to Portfolio manager (Hong Kong Branch),Bank of China (Hong Kong) Limited,Central,https://hk.jobsdb.com/hk/en/job/fixed-income-analyst-assistant-to-portfolio-manager-hong-kong-branch-100003009356621?token=0~00ff707e-86d6-4b9d-9d32-50d4062f8445&sectionRank=29&jobId=jobsdb-hk-job-100003009356621
Junior Algorithm Analyst/Trader,Vista Financial Limited,Tsim Sha Tsui,https://hk.jobsdb.com/hk/en/job/junior-algorithm-analyst-trader-100003009344279?token=0~00ff707e-86d6-4b9d-9d32-50d4062f8445&sectionRank=30&jobId=jobsdb-hk-job-100003009344279
Low Latency C++ Engineer,Eclipse Trading,Wan Chai,https://hk.jobsdb.com/hk/en/job/low-latency-c-engineer-100003009339203?token=0~27367678-ba52-4090-a4d2-583a2854c870&sectionRank=31&jobId=jobsdb-hk-job-100003009339203
Quantitative Analyst,MacroValue Investors Limited,Wan Chai,https://hk.jobsdb.com/hk/en/job/quantitative-analyst-100003009314569?token=0~27367678-ba52-4090-a4d2-583a2854c870&sectionRank=32&jobId=jobsdb-hk-job-100003009314569
Senior Low Latency C++ Engineer,Eclipse Trading,Wan Chai,https://hk.jobsdb.com/hk/en/job/senior-low-latency-c-engineer-100003009339198?token=0~27367678-ba52-4090-a4d2-583a2854c870&sectionRank=33&jobId=jobsdb-hk-job-100003009339198
Java Software Engineer | Quant Platform,Ambitious People Group,None,https://hk.jobsdb.com/hk/en/job/java-software-engineer-%7C-quant-platform-100003009312547?token=0~27367678-ba52-4090-a4d2-583a2854c870&sectionRank=34&jobId=jobsdb-hk-job-100003009312547
Core C++ Engineer,Eclipse Trading,Wan Chai,https://hk.jobsdb.com/hk/en/job/core-c-engineer-100003009339207?token=0~27367678-ba52-4090-a4d2-583a2854c870&sectionRank=35&jobId=jobsdb-hk-job-100003009339207
CIB - Quantitative Research - Equity Derivatives - Vice President,"JPMorgan Chase Bank, N.A.",None,https://hk.jobsdb.com/hk/en/job/cib-quantitative-research-equity-derivatives-vice-president-100003009351109?token=0~27367678-ba52-4090-a4d2-583a2854c870&sectionRank=36&jobId=jobsdb-hk-job-100003009351109
Front Office Rapid Application Developer - Permanent,Michael Page,None,https://hk.jobsdb.com/hk/en/job/front-office-rapid-application-developer-permanent-100003009323069?token=0~27367678-ba52-4090-a4d2-583a2854c870&sectionRank=37&jobId=jobsdb-hk-job-100003009323069
"Associates, Senior Associates (Full Time)",Alton Aviation Consultancy,Central,https://hk.jobsdb.com/hk/en/job/associates-senior-associates-full-time-100003009341411?token=0~27367678-ba52-4090-a4d2-583a2854c870&sectionRank=38&jobId=jobsdb-hk-job-100003009341411
Buyer Side Application Support (Relocate to UK),TEKsystems,Central,https://hk.jobsdb.com/hk/en/job/buyer-side-application-support-relocate-to-uk-100003009323935?token=0~27367678-ba52-4090-a4d2-583a2854c870&sectionRank=39&jobId=jobsdb-hk-job-100003009323935
Web3 Researcher,Reap International Company Limited,None,https://hk.jobsdb.com/hk/en/job/web3-researcher-100003009360001?token=0~27367678-ba52-4090-a4d2-583a2854c870&sectionRank=40&jobId=jobsdb-hk-job-100003009360001
C++ Low Latency Engineer,Eclipse Trading,Others - China,https://hk.jobsdb.com/hk/en/job/c-low-latency-engineer-100003009319393?token=0~27367678-ba52-4090-a4d2-583a2854c870&sectionRank=41&jobId=jobsdb-hk-job-100003009319393
"ReactJS, NodeJS | MNC Trading platform",Ambitious People Group,None,https://hk.jobsdb.com/hk/en/job/reactjs-nodejs-%7C-mnc-trading-platform-100003009333137?token=0~27367678-ba52-4090-a4d2-583a2854c870&sectionRank=42&jobId=jobsdb-hk-job-100003009333137
C++ Developer (TradeFi),Virtual Economy Technology Limited,Central,https://hk.jobsdb.com/hk/en/job/c-developer-tradefi-100003009321841?token=0~27367678-ba52-4090-a4d2-583a2854c870&sectionRank=43&jobId=jobsdb-hk-job-100003009321841
Team Lead - Senior Low Latency C++ Engineer (Sydney),Eclipse Options (HK) Limited,Overseas,https://hk.jobsdb.com/hk/en/job/team-lead-senior-low-latency-c-engineer-sydney-100003009319398?token=0~27367678-ba52-4090-a4d2-583a2854c870&sectionRank=44&jobId=jobsdb-hk-job-100003009319398
Quant Developer,hi5 (Hong Kong) Limited,Central,https://hk.jobsdb.com/hk/en/job/quant-developer-100003009294582?token=0~27367678-ba52-4090-a4d2-583a2854c870&sectionRank=45&jobId=jobsdb-hk-job-100003009294582
Quantitative Research - Manager,Nuancetree Limited,Kowloon Bay,https://hk.jobsdb.com/hk/en/job/quantitative-research-manager-100003009332128?token=0~27367678-ba52-4090-a4d2-583a2854c870&sectionRank=46&jobId=jobsdb-hk-job-100003009332128
Blockchain Developer,Realm Digital Trading Limited,Admiralty,https://hk.jobsdb.com/hk/en/job/blockchain-developer-100003009325992?token=0~27367678-ba52-4090-a4d2-583a2854c870&sectionRank=47&jobId=jobsdb-hk-job-100003009325992
Proprietary Trader,nwt Ltd.,Kwun Tong,https://hk.jobsdb.com/hk/en/job/proprietary-trader-100003009322547?token=0~27367678-ba52-4090-a4d2-583a2854c870&sectionRank=48&jobId=jobsdb-hk-job-100003009322547
Java Developer (Algo Trading Platform),Robert Walters (HK),None,https://hk.jobsdb.com/hk/en/job/java-developer-algo-trading-platform-100003009306706?token=0~27367678-ba52-4090-a4d2-583a2854c870&sectionRank=49&jobId=jobsdb-hk-job-100003009306706
Trading Desk Developer,Huatai Financial Holdings (Hong Kong) Limited,Central,https://hk.jobsdb.com/hk/en/job/trading-desk-developer-100003009316996?token=0~27367678-ba52-4090-a4d2-583a2854c870&sectionRank=50&jobId=jobsdb-hk-job-100003009316996
Experienced Trader - Expressions of Interest,Eclipse Trading,Wan Chai,https://hk.jobsdb.com/hk/en/job/experienced-trader-expressions-of-interest-100003009310447?token=0~27367678-ba52-4090-a4d2-583a2854c870&sectionRank=51&jobId=jobsdb-hk-job-100003009310447
Senior Software Trading System Developer,Match Talent Limited,None,https://hk.jobsdb.com/hk/en/job/senior-software-trading-system-developer-100003009310250?token=0~27367678-ba52-4090-a4d2-583a2854c870&sectionRank=52&jobId=jobsdb-hk-job-100003009310250
Officer – Trading – Cash Trading Operation,Hong Kong Exchanges and Clearing Limited,Central,https://hk.jobsdb.com/hk/en/job/officer-trading-cash-trading-operation-100003009321904?token=0~27367678-ba52-4090-a4d2-583a2854c870&sectionRank=53&jobId=jobsdb-hk-job-100003009321904
Global Product Leader (Bangkok-based),Agoda International (Hong Kong) Limited,None,https://hk.jobsdb.com/hk/en/job/global-product-leader-bangkok-based-100003009323875?token=0~27367678-ba52-4090-a4d2-583a2854c870&sectionRank=54&jobId=jobsdb-hk-job-100003009323875
Low Latency C++ Engineer,Eclipse Trading,Wan Chai,https://hk.jobsdb.com/hk/en/job/low-latency-c-engineer-100003009300780?token=0~27367678-ba52-4090-a4d2-583a2854c870&sectionRank=55&jobId=jobsdb-hk-job-100003009300780
Software Engineer - Crypto Hedge Fund,Liquibit Capital,Central,https://hk.jobsdb.com/hk/en/job/software-engineer-crypto-hedge-fund-100003009312407?token=0~27367678-ba52-4090-a4d2-583a2854c870&sectionRank=56&jobId=jobsdb-hk-job-100003009312407
C++ Trading Algo Developer,AP Capital Investment (Hong Kong) Limited,None,https://hk.jobsdb.com/hk/en/job/c-trading-algo-developer-100003009325068?token=0~27367678-ba52-4090-a4d2-583a2854c870&sectionRank=57&jobId=jobsdb-hk-job-100003009325068
Senior Low Latency C++ Engineer,Eclipse Trading,Wan Chai,https://hk.jobsdb.com/hk/en/job/senior-low-latency-c-engineer-100003009300778?token=0~27367678-ba52-4090-a4d2-583a2854c870&sectionRank=58&jobId=jobsdb-hk-job-100003009300778
QA Manager,Babel Capital Limited,Central,https://hk.jobsdb.com/hk/en/job/qa-manager-100003009304167?token=0~27367678-ba52-4090-a4d2-583a2854c870&sectionRank=59&jobId=jobsdb-hk-job-100003009304167
Night Trader - Hedge Fund,Michael Page,Central & Western Area,https://hk.jobsdb.com/hk/en/job/night-trader-hedge-fund-100003009313563?token=0~27367678-ba52-4090-a4d2-583a2854c870&sectionRank=60&jobId=jobsdb-hk-job-100003009313563
Manager/ AVP - Bond Trader,Taishin International Bank Co Ltd,Yau Tsim Mong Area,https://hk.jobsdb.com/hk/en/job/manager-avp-bond-trader-100003009339874?token=0~c4dbe41b-8970-40fa-a884-714108372d9e&sectionRank=61&jobId=jobsdb-hk-job-100003009339874
Analyst Developer (Windows Application Development),Infocast Limited,Hung Hom,https://hk.jobsdb.com/hk/en/job/analyst-developer-windows-application-development-100003009352916?token=0~c4dbe41b-8970-40fa-a884-714108372d9e&sectionRank=62&jobId=jobsdb-hk-job-100003009352916
Developer,STELUX HOLDINGS LIMITED,Wong Tai Sin Area,https://hk.jobsdb.com/hk/en/job/developer-100003009362855?token=0~c4dbe41b-8970-40fa-a884-714108372d9e&sectionRank=63&jobId=jobsdb-hk-job-100003009362855
DCM Analyst / Associate (Hong Kong Branch),Bank of China (Hong Kong) Limited,Central,https://hk.jobsdb.com/hk/en/job/dcm-analyst-associate-hong-kong-branch-100003009355672?token=0~c4dbe41b-8970-40fa-a884-714108372d9e&sectionRank=64&jobId=jobsdb-hk-job-100003009355672
DCM Analyst / Associate (Hong Kong Branch),Bank of China (Hong Kong) Limited,Central,https://hk.jobsdb.com/hk/en/job/dcm-analyst-associate-hong-kong-branch-100003009356596?token=0~c4dbe41b-8970-40fa-a884-714108372d9e&sectionRank=65&jobId=jobsdb-hk-job-100003009356596
Blockchain Developer (Trade Support / Operations),Suppaw Limited,None,https://hk.jobsdb.com/hk/en/job/blockchain-developer-trade-support-operations-100003009343424?token=0~c4dbe41b-8970-40fa-a884-714108372d9e&sectionRank=66&jobId=jobsdb-hk-job-100003009343424
Quantitative Research - Manager,Nuancetree Limited,Kowloon Bay,https://hk.jobsdb.com/hk/en/job/quantitative-research-manager-100003009332128?token=0~c4dbe41b-8970-40fa-a884-714108372d9e&sectionRank=67&jobId=jobsdb-hk-job-100003009332128
Delta One Trader,Ambition,None,https://hk.jobsdb.com/hk/en/job/delta-one-trader-100003009344746?token=0~c4dbe41b-8970-40fa-a884-714108372d9e&sectionRank=68&jobId=jobsdb-hk-job-100003009344746
C++ Low Latency Engineer,Eclipse Trading,Others - China,https://hk.jobsdb.com/hk/en/job/c-low-latency-engineer-100003009319393?token=0~c4dbe41b-8970-40fa-a884-714108372d9e&sectionRank=69&jobId=jobsdb-hk-job-100003009319393
"Digital Marketing Data Analyst | $40,000 #Cryptocurrency #Blockchain #CFD #Fintech",JF Talent Consulting Group,Tsim Sha Tsui,https://hk.jobsdb.com/hk/en/job/digital-marketing-data-analyst-%7C-%2440-000-cryptocurrency-blockchain-cfd-fintech-100003009352577?token=0~c4dbe41b-8970-40fa-a884-714108372d9e&sectionRank=70&jobId=jobsdb-hk-job-100003009352577
Dealer (Global Markets Rates Trading Division),Bank of China (Hong Kong) Limited,Central,https://hk.jobsdb.com/hk/en/job/dealer-global-markets-rates-trading-division-100003009329832?token=0~c4dbe41b-8970-40fa-a884-714108372d9e&sectionRank=71&jobId=jobsdb-hk-job-100003009329832
Associate Director (Quantitative),IPSOS Asia Limited,Hung Hom,https://hk.jobsdb.com/hk/en/job/associate-director-quantitative-100003009342353?token=0~c4dbe41b-8970-40fa-a884-714108372d9e&sectionRank=72&jobId=jobsdb-hk-job-100003009342353
C++ Developer (TradeFi),Virtual Economy Technology Limited,Central,https://hk.jobsdb.com/hk/en/job/c-developer-tradefi-100003009321841?token=0~c4dbe41b-8970-40fa-a884-714108372d9e&sectionRank=73&jobId=jobsdb-hk-job-100003009321841
"Analyst, Consumer Insights (2-year renewable contract)",Hong Kong Tourism Board,Tin Hau,https://hk.jobsdb.com/hk/en/job/analyst-consumer-insights-2-year-renewable-contract-100003009343344?token=0~c4dbe41b-8970-40fa-a884-714108372d9e&sectionRank=74&jobId=jobsdb-hk-job-100003009343344
Research Executive - Quantitative (Grad Job),IPSOS Asia Limited,Hung Hom,https://hk.jobsdb.com/hk/en/job/research-executive-quantitative-grad-job-100003009342349?token=0~c4dbe41b-8970-40fa-a884-714108372d9e&sectionRank=75&jobId=jobsdb-hk-job-100003009342349
Associate – Trading Development (Platforms & Analytics),Hong Kong Exchanges and Clearing Limited,Central,https://hk.jobsdb.com/hk/en/job/associate-trading-development-platforms-analytics-100003009343066?token=0~c4dbe41b-8970-40fa-a884-714108372d9e&sectionRank=76&jobId=jobsdb-hk-job-100003009343066
Team Lead - Senior Low Latency C++ Engineer (Sydney),Eclipse Options (HK) Limited,Overseas,https://hk.jobsdb.com/hk/en/job/team-lead-senior-low-latency-c-engineer-sydney-100003009319398?token=0~c4dbe41b-8970-40fa-a884-714108372d9e&sectionRank=77&jobId=jobsdb-hk-job-100003009319398
C++ Trading Algo Developer,AP Capital Investment (Hong Kong) Limited,None,https://hk.jobsdb.com/hk/en/job/c-trading-algo-developer-100003009325068?token=0~c4dbe41b-8970-40fa-a884-714108372d9e&sectionRank=78&jobId=jobsdb-hk-job-100003009325068
Experienced Trader - Expressions of Interest,Eclipse Trading,Wan Chai,https://hk.jobsdb.com/hk/en/job/experienced-trader-expressions-of-interest-100003009310447?token=0~c4dbe41b-8970-40fa-a884-714108372d9e&sectionRank=79&jobId=jobsdb-hk-job-100003009310447
Senior Backend Engineer/Backend Engineer - Fast-growing BaaS R3 Corda EVM public blockchain pioneer,Alexis Services Limited,Shatin Area,https://hk.jobsdb.com/hk/en/job/senior-backend-engineer-backend-engineer-fast-growing-baas-r3-corda-evm-public-blockchain-pioneer-100003009344019?token=0~c4dbe41b-8970-40fa-a884-714108372d9e&sectionRank=80&jobId=jobsdb-hk-job-100003009344019
Front Office Rapid Application Developer - Permanent,Michael Page,None,https://hk.jobsdb.com/hk/en/job/front-office-rapid-application-developer-permanent-100003009323069?token=0~c4dbe41b-8970-40fa-a884-714108372d9e&sectionRank=81&jobId=jobsdb-hk-job-100003009323069
"VP, Senior Java Developer - Global Bank",Hays,None,https://hk.jobsdb.com/hk/en/job/vp-senior-java-developer-global-bank-100003009331939?token=0~c4dbe41b-8970-40fa-a884-714108372d9e&sectionRank=82&jobId=jobsdb-hk-job-100003009331939
C++ Blockchain Developer,Dreamwalk Technologies Limited,Central,https://hk.jobsdb.com/hk/en/job/c-blockchain-developer-100003009341248?token=0~c4dbe41b-8970-40fa-a884-714108372d9e&sectionRank=83&jobId=jobsdb-hk-job-100003009341248
Senior Software Trading System Developer,Match Talent Limited,None,https://hk.jobsdb.com/hk/en/job/senior-software-trading-system-developer-100003009310250?token=0~c4dbe41b-8970-40fa-a884-714108372d9e&sectionRank=84&jobId=jobsdb-hk-job-100003009310250
QA Manager,Babel Capital Limited,Central,https://hk.jobsdb.com/hk/en/job/qa-manager-100003009304167?token=0~c4dbe41b-8970-40fa-a884-714108372d9e&sectionRank=85&jobId=jobsdb-hk-job-100003009304167
"Associates, Senior Associates (Full Time)",Alton Aviation Consultancy,Central,https://hk.jobsdb.com/hk/en/job/associates-senior-associates-full-time-100003009341411?token=0~c4dbe41b-8970-40fa-a884-714108372d9e&sectionRank=86&jobId=jobsdb-hk-job-100003009341411
Quant Developer,hi5 (Hong Kong) Limited,Central,https://hk.jobsdb.com/hk/en/job/quant-developer-100003009294582?token=0~c4dbe41b-8970-40fa-a884-714108372d9e&sectionRank=87&jobId=jobsdb-hk-job-100003009294582
Blockchain Apps Developer,"Eagle Partners (International) Co., Limited",None,https://hk.jobsdb.com/hk/en/job/blockchain-apps-developer-100003009334062?token=0~c4dbe41b-8970-40fa-a884-714108372d9e&sectionRank=88&jobId=jobsdb-hk-job-100003009334062
Buyer Side Application Support (Relocate to UK),TEKsystems,Central,https://hk.jobsdb.com/hk/en/job/buyer-side-application-support-relocate-to-uk-100003009323935?token=0~c4dbe41b-8970-40fa-a884-714108372d9e&sectionRank=89&jobId=jobsdb-hk-job-100003009323935
"Risk Management Manager, Credit Risk Modelling (Banking) (1-year contract, subjects to renewable)",Hong Kong Job Consulting,Sheung Wan,https://hk.jobsdb.com/hk/en/job/risk-management-manager-credit-risk-modelling-banking-1-year-contract-subjects-to-renewable-100003009332746?token=0~c4dbe41b-8970-40fa-a884-714108372d9e&sectionRank=90&jobId=jobsdb-hk-job-100003009332746
CIB - Equity - SE Asia Warrant Trading - Associate,"JPMorgan Chase Bank, N.A.",None,https://hk.jobsdb.com/hk/en/job/cib-equity-se-asia-warrant-trading-associate-100003009290146?token=0~7ba255bd-bc5f-4efc-aa5e-42d57df944a5&sectionRank=91&jobId=jobsdb-hk-job-100003009290146
Dev Ops SRE - Trading Technology - Trade Floor Support - VP,"JPMorgan Chase Bank, N.A.",None,https://hk.jobsdb.com/hk/en/job/dev-ops-sre-trading-technology-trade-floor-support-vp-100003009290213?token=0~7ba255bd-bc5f-4efc-aa5e-42d57df944a5&sectionRank=92&jobId=jobsdb-hk-job-100003009290213
Web Developer,Hai Kang Life Corporation Ltd,Shatin Area,https://hk.jobsdb.com/hk/en/job/web-developer-100003009345963?token=0~7ba255bd-bc5f-4efc-aa5e-42d57df944a5&sectionRank=93&jobId=jobsdb-hk-job-100003009345963
Business Development Executive,Informa Markets Asia Limited,Wan Chai,https://hk.jobsdb.com/hk/en/job/business-development-executive-100003009337050?token=0~7ba255bd-bc5f-4efc-aa5e-42d57df944a5&sectionRank=94&jobId=jobsdb-hk-job-100003009337050
Mobile Developer | World-leading Digital Asset Trading Platform,Ambitious People Group,None,https://hk.jobsdb.com/hk/en/job/mobile-developer-%7C-world-leading-digital-asset-trading-platform-100003009322039?token=0~7ba255bd-bc5f-4efc-aa5e-42d57df944a5&sectionRank=95&jobId=jobsdb-hk-job-100003009322039
Vice President / Executive Director,Nomura International (Hong Kong) Limited,None,https://hk.jobsdb.com/hk/en/job/vice-president-executive-director-100003009338279?token=0~7ba255bd-bc5f-4efc-aa5e-42d57df944a5&sectionRank=96&jobId=jobsdb-hk-job-100003009338279
Quant Analyst,Carisbrook Partners,Others,https://hk.jobsdb.com/hk/en/job/quant-analyst-110000000076169?token=0~7ba255bd-bc5f-4efc-aa5e-42d57df944a5&sectionRank=97&jobId=jobsdb-hk-job-110000000076169
Quant Analyst,Carisbrook Partners,Others,https://hk.jobsdb.com/hk/en/job/quant-analyst-110000000083583?token=0~7ba255bd-bc5f-4efc-aa5e-42d57df944a5&sectionRank=98&jobId=jobsdb-hk-job-110000000083583
Quant - Electronic Trading,Finance Network,Others,https://hk.jobsdb.com/hk/en/job/quant-electronic-trading-110000000096590?token=0~7ba255bd-bc5f-4efc-aa5e-42d57df944a5&sectionRank=99&jobId=jobsdb-hk-job-110000000096590
"Quant Trader,Associate",Goldman Sachs,Others,https://hk.jobsdb.com/hk/en/job/quant-trader-associate-110000000094614?token=0~7ba255bd-bc5f-4efc-aa5e-42d57df944a5&sectionRank=100&jobId=jobsdb-hk-job-110000000094614
Quant Developer,UBS,Others,https://hk.jobsdb.com/hk/en/job/quant-developer-110000000084449?token=0~7ba255bd-bc5f-4efc-aa5e-42d57df944a5&sectionRank=101&jobId=jobsdb-hk-job-110000000084449
Quantitative Researcher,Morgan Stanley,Others,https://hk.jobsdb.com/hk/en/job/quantitative-researcher-110000000099293?token=0~7ba255bd-bc5f-4efc-aa5e-42d57df944a5&sectionRank=102&jobId=jobsdb-hk-job-110000000099293
Quantitative Analyst,UBS,Others,https://hk.jobsdb.com/hk/en/job/quantitative-analyst-110000000098970?token=0~7ba255bd-bc5f-4efc-aa5e-42d57df944a5&sectionRank=103&jobId=jobsdb-hk-job-110000000098970
"Assistant Portfolio Manager,Quantitative Developer",Selby Jennings,Others,https://hk.jobsdb.com/hk/en/job/assistant-portfolio-manager-quantitative-developer-110000000085047?token=0~7ba255bd-bc5f-4efc-aa5e-42d57df944a5&sectionRank=104&jobId=jobsdb-hk-job-110000000085047
KDB Developer,HSBC,Others,https://hk.jobsdb.com/hk/en/job/kdb-developer-110000000100021?token=0~7ba255bd-bc5f-4efc-aa5e-42d57df944a5&sectionRank=105&jobId=jobsdb-hk-job-110000000100021
Associate,Goldman Sachs,Others,https://hk.jobsdb.com/hk/en/job/associate-110000000064664?token=0~7ba255bd-bc5f-4efc-aa5e-42d57df944a5&sectionRank=106&jobId=jobsdb-hk-job-110000000064664
Trading Desk Developer,Huatai Financial,Others,https://hk.jobsdb.com/hk/en/job/trading-desk-developer-110000000076039?token=0~7ba255bd-bc5f-4efc-aa5e-42d57df944a5&sectionRank=107&jobId=jobsdb-hk-job-110000000076039
Quantitative Manager,HSBC,Others,https://hk.jobsdb.com/hk/en/job/quantitative-manager-110000000088399?token=0~7ba255bd-bc5f-4efc-aa5e-42d57df944a5&sectionRank=108&jobId=jobsdb-hk-job-110000000088399
Applications Support Senior Analyst,Citi,Others,https://hk.jobsdb.com/hk/en/job/applications-support-senior-analyst-110000000099850?token=0~7ba255bd-bc5f-4efc-aa5e-42d57df944a5&sectionRank=109&jobId=jobsdb-hk-job-110000000099850
Analytics Consultant,MSCI,Others,https://hk.jobsdb.com/hk/en/job/analytics-consultant-110000000064239?token=0~7ba255bd-bc5f-4efc-aa5e-42d57df944a5&sectionRank=110&jobId=jobsdb-hk-job-110000000064239
Software Engineer,Goldman Sachs,Others,https://hk.jobsdb.com/hk/en/job/software-engineer-110000000072101?token=0~7ba255bd-bc5f-4efc-aa5e-42d57df944a5&sectionRank=111&jobId=jobsdb-hk-job-110000000072101
Quantitative Manager,HSBC,Shau Kei Wan,https://hk.jobsdb.com/hk/en/job/quantitative-manager-110000000085124?token=0~7ba255bd-bc5f-4efc-aa5e-42d57df944a5&sectionRank=112&jobId=jobsdb-hk-job-110000000085124
Production Support Specialist,HSBC,Shatin Area,https://hk.jobsdb.com/hk/en/job/production-support-specialist-110000000085981?token=0~7ba255bd-bc5f-4efc-aa5e-42d57df944a5&sectionRank=113&jobId=jobsdb-hk-job-110000000085981
Trader,Citi,Others,https://hk.jobsdb.com/hk/en/job/trader-110000000087897?token=0~7ba255bd-bc5f-4efc-aa5e-42d57df944a5&sectionRank=114&jobId=jobsdb-hk-job-110000000087897
Quantitative Analyst,UBS,Others,https://hk.jobsdb.com/hk/en/job/quantitative-analyst-110000000073866?token=0~7ba255bd-bc5f-4efc-aa5e-42d57df944a5&sectionRank=115&jobId=jobsdb-hk-job-110000000073866
KDB Developer,HSBC,Others,https://hk.jobsdb.com/hk/en/job/kdb-developer-110000000072690?token=0~7ba255bd-bc5f-4efc-aa5e-42d57df944a5&sectionRank=116&jobId=jobsdb-hk-job-110000000072690
Senior Software Engineer,UBS,Others,https://hk.jobsdb.com/hk/en/job/senior-software-engineer-110000000073458?token=0~7ba255bd-bc5f-4efc-aa5e-42d57df944a5&sectionRank=117&jobId=jobsdb-hk-job-110000000073458
Technical Engineer,UBS,Others,https://hk.jobsdb.com/hk/en/job/technical-engineer-110000000071896?token=0~7ba255bd-bc5f-4efc-aa5e-42d57df944a5&sectionRank=118&jobId=jobsdb-hk-job-110000000071896
Business Strategy Manager,Bank of China (Hong Kong),Others,https://hk.jobsdb.com/hk/en/job/business-strategy-manager-110000000067466?token=0~7ba255bd-bc5f-4efc-aa5e-42d57df944a5&sectionRank=119&jobId=jobsdb-hk-job-110000000067466
Electronic Sales,Nomura,Others,https://hk.jobsdb.com/hk/en/job/electronic-sales-110000000098133?token=0~7ba255bd-bc5f-4efc-aa5e-42d57df944a5&sectionRank=120&jobId=jobsdb-hk-job-110000000098133
Trading Systems Support Engineer,Eclipse Trading,Wan Chai,https://hk.jobsdb.com/hk/en/job/trading-systems-support-engineer-100003009310553?token=0~4f5ce504-d079-484d-839f-28affd6f5767&sectionRank=121&jobId=jobsdb-hk-job-100003009310553
Software Engineer - C# / .NET,Eclipse Trading,Wan Chai,https://hk.jobsdb.com/hk/en/job/software-engineer-c-.net-100003009310423?token=0~4f5ce504-d079-484d-839f-28affd6f5767&sectionRank=122&jobId=jobsdb-hk-job-100003009310423
Business Developer - FinTech Trading Platform,Page Personnel,None,https://hk.jobsdb.com/hk/en/job/business-developer-fintech-trading-platform-100003009308712?token=0~4f5ce504-d079-484d-839f-28affd6f5767&sectionRank=123&jobId=jobsdb-hk-job-100003009308712
Senior Algo Developer (C++),Hays,None,https://hk.jobsdb.com/hk/en/job/senior-algo-developer-c-100003009295387?token=0~4f5ce504-d079-484d-839f-28affd6f5767&sectionRank=124&jobId=jobsdb-hk-job-100003009295387
Java developer,Hong Kong BGE Limited,Sheung Wan,https://hk.jobsdb.com/hk/en/job/java-developer-100003009281849?token=0~4f5ce504-d079-484d-839f-28affd6f5767&sectionRank=125&jobId=jobsdb-hk-job-100003009281849
Fund Investment Manager/ Facilitation Trader,GF Holdings (Hong Kong) Corporation Ltd,None,https://hk.jobsdb.com/hk/en/job/fund-investment-manager-facilitation-trader-100003009303116?token=0~4f5ce504-d079-484d-839f-28affd6f5767&sectionRank=126&jobId=jobsdb-hk-job-100003009303116
Technical Specialist for Crypto & Block Chain,Tab Next Limited,Lai Chi Kok,https://hk.jobsdb.com/hk/en/job/technical-specialist-for-crypto-block-chain-100003009306598?token=0~4f5ce504-d079-484d-839f-28affd6f5767&sectionRank=127&jobId=jobsdb-hk-job-100003009306598
Team Lead - Senior Low Latency C++ Engineer (Sydney),Eclipse Options (HK) Limited,Overseas,https://hk.jobsdb.com/hk/en/job/team-lead-senior-low-latency-c-engineer-sydney-100003009288178?token=0~4f5ce504-d079-484d-839f-28affd6f5767&sectionRank=128&jobId=jobsdb-hk-job-100003009288178
NFT / Blockchain Developer - (Solidity / Golang / TypeScript),Links International,None,https://hk.jobsdb.com/hk/en/job/nft-blockchain-developer-solidity-golang-typescript-100003009301899?token=0~4f5ce504-d079-484d-839f-28affd6f5767&sectionRank=129&jobId=jobsdb-hk-job-100003009301899
"Java Software Engineer - Equity Derivatives, Vice President","JPMorgan Chase Bank, N.A.",None,https://hk.jobsdb.com/hk/en/job/java-software-engineer-equity-derivatives-vice-president-100003009333198?token=0~4f5ce504-d079-484d-839f-28affd6f5767&sectionRank=130&jobId=jobsdb-hk-job-100003009333198
"Valuation/ Market Risk Analyst, Capital Markets, 6 months (temp to perm opportunity)",Resource Solutions Consulting Hong Kong Limited,Quarry Bay,https://hk.jobsdb.com/hk/en/job/valuation-market-risk-analyst-capital-markets-6-months-temp-to-perm-opportunity-100003009286524?token=0~4f5ce504-d079-484d-839f-28affd6f5767&sectionRank=131&jobId=jobsdb-hk-job-100003009286524
Market Risk Professional,China Construction Bank (Asia) Corporation Limited,None,https://hk.jobsdb.com/hk/en/job/market-risk-professional-100003009290725?token=0~4f5ce504-d079-484d-839f-28affd6f5767&sectionRank=132&jobId=jobsdb-hk-job-100003009290725
"Core Java Systematic Algo Developer, Associate","JPMorgan Chase Bank, N.A.",None,https://hk.jobsdb.com/hk/en/job/core-java-systematic-algo-developer-associate-100003009292330?token=0~4f5ce504-d079-484d-839f-28affd6f5767&sectionRank=133&jobId=jobsdb-hk-job-100003009292330
Trading Support Analyst (Tech-trading),Up Recruitment Limited,Wan Chai,https://hk.jobsdb.com/hk/en/job/trading-support-analyst-tech-trading-100003009282180?token=0~4f5ce504-d079-484d-839f-28affd6f5767&sectionRank=134&jobId=jobsdb-hk-job-100003009282180
Portfolio Manager - Equity Derivatives,Links International,None,https://hk.jobsdb.com/hk/en/job/portfolio-manager-equity-derivatives-100003009288106?token=0~4f5ce504-d079-484d-839f-28affd6f5767&sectionRank=135&jobId=jobsdb-hk-job-100003009288106
CIB - CCEM - Automated Trading Strategist - Associate,"JPMorgan Chase Bank, N.A.",None,https://hk.jobsdb.com/hk/en/job/cib-ccem-automated-trading-strategist-associate-100003009290085?token=0~4f5ce504-d079-484d-839f-28affd6f5767&sectionRank=136&jobId=jobsdb-hk-job-100003009290085
"Core Java Systematic Algo Developer, VP","JPMorgan Chase Bank, N.A.",None,https://hk.jobsdb.com/hk/en/job/core-java-systematic-algo-developer-vp-100003009292334?token=0~4f5ce504-d079-484d-839f-28affd6f5767&sectionRank=137&jobId=jobsdb-hk-job-100003009292334
Web front-end developer/ Web back-end developer,Be Myjob Company Limited,Central & Western Area,https://hk.jobsdb.com/hk/en/job/web-front-end-developer-web-back-end-developer-100003009366266?token=0~4f5ce504-d079-484d-839f-28affd6f5767&sectionRank=138&jobId=jobsdb-hk-job-100003009366266
Senior / Research Manager (Online Communities),IPSOS Asia Limited,Hung Hom,https://hk.jobsdb.com/hk/en/job/senior-research-manager-online-communities-100003009342355?token=0~4f5ce504-d079-484d-839f-28affd6f5767&sectionRank=139&jobId=jobsdb-hk-job-100003009342355
Internship Program (2 weeks to 8 weeks),智睿金融有限公司,Hung Hom,https://hk.jobsdb.com/hk/en/job/internship-program-2-weeks-to-8-weeks-100003009368442?token=0~4f5ce504-d079-484d-839f-28affd6f5767&sectionRank=140&jobId=jobsdb-hk-job-100003009368442
Quantitative Developer - Java/Equities/Investment Bank,Michael Page,None,https://hk.jobsdb.com/hk/en/job/quantitative-developer-java-equities-investment-bank-100003009353153?token=0~4f5ce504-d079-484d-839f-28affd6f5767&sectionRank=141&jobId=jobsdb-hk-job-100003009353153
Web front end developer,Hong Kong BGE Limited,Sheung Wan,https://hk.jobsdb.com/hk/en/job/web-front-end-developer-100003009347432?token=0~4f5ce504-d079-484d-839f-28affd6f5767&sectionRank=142&jobId=jobsdb-hk-job-100003009347432
"C++ Market Making Developer / Engineer, Vice President",Morgan Stanley Asia Limited,None,https://hk.jobsdb.com/hk/en/job/c-market-making-developer-engineer-vice-president-100003009304423?token=0~4f5ce504-d079-484d-839f-28affd6f5767&sectionRank=143&jobId=jobsdb-hk-job-100003009304423
Valuation Control - VP (C++/ Python) | Tier 1 Investment Bank,Randstad Hong Kong Limited,None,https://hk.jobsdb.com/hk/en/job/valuation-control-vp-c-python-%7C-tier-1-investment-bank-100003009337115?token=0~4f5ce504-d079-484d-839f-28affd6f5767&sectionRank=144&jobId=jobsdb-hk-job-100003009337115
Web front end developer,Hong Kong BGE Limited,Sheung Wan,https://hk.jobsdb.com/hk/en/job/web-front-end-developer-100003009281816?token=0~4f5ce504-d079-484d-839f-28affd6f5767&sectionRank=145&jobId=jobsdb-hk-job-100003009281816
Technical Lead (HFT trading),AP Capital Investment (Hong Kong) Limited,None,https://hk.jobsdb.com/hk/en/job/technical-lead-hft-trading-100003009307501?token=0~4f5ce504-d079-484d-839f-28affd6f5767&sectionRank=146&jobId=jobsdb-hk-job-100003009307501
"Director, Structuring  - (2200011857)",Standard Chartered Bank (Hong Kong) Ltd,None,https://hk.jobsdb.com/hk/en/job/director-structuring-2200011857-100003009367851?token=0~4f5ce504-d079-484d-839f-28affd6f5767&sectionRank=147&jobId=jobsdb-hk-job-100003009367851
"Onsite with HSBC : Development engineer - Python (6m contract, upto 65K)",Manpower Services (Hong Kong) Limited,Central & Western Area,https://hk.jobsdb.com/hk/en/job/onsite-with-hsbc-%3A-development-engineer-python-6m-contract-upto-65k-100003009362061?token=0~4f5ce504-d079-484d-839f-28affd6f5767&sectionRank=148&jobId=jobsdb-hk-job-100003009362061
"C++ Developer, Electronic Market Making & Low Latency Trading, VP","JPMorgan Chase Bank, N.A.",None,https://hk.jobsdb.com/hk/en/job/c-developer-electronic-market-making-low-latency-trading-vp-100003009290077?token=0~4f5ce504-d079-484d-839f-28affd6f5767&sectionRank=149&jobId=jobsdb-hk-job-100003009290077
"Model Risk Governance and Review - Rates, Emerging Markets, FX and Commodities - Associate","JPMorgan Chase Bank, N.A.",None,https://hk.jobsdb.com/hk/en/job/model-risk-governance-and-review-rates-emerging-markets-fx-and-commodities-associate-100003009292356?token=0~4f5ce504-d079-484d-839f-28affd6f5767&sectionRank=150&jobId=jobsdb-hk-job-100003009292356
